{
	"id":1,
	"texto":"Choose the correct modal verb:",
	"tematica":"Gratton",
	"nivel":"Alto",
	"tipo":"Emparejada",
	"opciones": [
		 "You ____ send the email just in case they forget.",
		 "You ____ arrive by 9am, otherwise, you will lose your job.",
		 "You ____ always be honest with yourself and your team.",
		 "You ____ speak so fast, they might not understand.",
		 "You ____ show your passport when you travel in the EU.",
		 "You ____ tell lies in a job interview. You'll get into trouble."
	],
	"valores_opciones": [
		["should/ought to","had better","must","shouldn't/ought not to","don't have to","mustn't"]
	],
	"respuestas": [
		 "should/ought to",
		 "had better",
		 "must",
		 "shouldn't/ought not to",
		 "don't have to",
		 "mustn't"
	]
}
