{
	"id":3,
	"texto":"General vocabulary Human Resources",
	"tematica":"Gratton",
	"nivel":"Alto",
	"tipo":"Emparejada",
	"opciones": [
		 "The length of time your employer is aware of your departure from their company before you actually leave.",
		 "A fixed regular payment earned for work or services, typically paid on a daily or weekly basis.",
		 "A period of absence from work granted to a mother before and after the birth of her child",
		 "Someone who does particular pieces of work for different organizations.",
		 "The measurement of the number of employees who leave an organization, typically, in one year.",
		 "Any form of compensation paid by an employer to an employee after employment has ended."
	],
	"valores_opciones": [
		["notice period","wage(s)","maternity leave","freelancer","employee turnover","severance pay"]
	],
	"respuestas": [
		 "notice period",
		 "wage(s)",
		 "maternity leave",
		 "freelancer",
		 "employee turnover",
		 "severance pay"
	]
}
