{
	"id":9,
	"texto":"Fill each gap with the correct phrasal verb:",
	"tematica":"Gratton",
	"nivel":"Alto",
	"tipo":"Emparejada",
	"opciones": [
		 "The team devised a plan to ____ the obstacles caused by the tough market conditions.",
		 "He ____ to his boss for support with the recurrent team issues he was experiencing.",
		 "Please, ____ me ___ of the argument. It has nothing to do with me.",
		 "At the convention, you need to ____ competitors trying to get sensitive information.",
		 "They _____ redundant dat and concentrated on the relevant results.",
		 "She _____ of the fast-track program because she was experiencing too much stress.",
		 "The virus was _____ by the vaccine developed by our pharmaceutical company.",
		 "Can I ____ with a comment? I think it is relevant to the discussion at hand.",
		 "The connection _____ right when he was telling us about the offer."
	],
	"valores_opciones": [
		["break through","reached out","leave out","watch out for","passed over","dropped out","wiped out","jump in","broke up"]		
	],
	"respuestas": [
		 "break through",
		 "reached out",
		 "leave out",
		 "watch out for",
		 "passed over",
		 "dropped out",
		 "wiped out",
		 "jump in",
		 "broke up"
	]
}
