{
	"id":7,
	"texto":"Phrasal verbs",
	"tematica":"Gratton",
	"nivel":"Alto",
	"tipo":"Emparejada",
	"opciones": [
		 "To hire or recruit new employees.",
		 "To eliminate unsuitable candidates.",
		 "To reduce the number of options.",
		 "To stop employing someone.",
		 "To integrate a new employee.",
		 "To resign from a position or role.",
		 "To submit a document."
	],
	"valores_opciones": [
		["To take on","To weed out","To narrow down","To lay off","To on board","To step down","To hand in"]
	],
	"respuestas": [
		 "To take on",
		 "To weed out",
		 "To narrow down",
		 "To lay off",
		 "To on board",
		 "To step down",
		 "To hand in"
	]
}
