{
	"id":4,
	"texto":"Common expressions in context",
	"tematica":"Gratton",
	"nivel":"Alto",
	"tipo":"Emparejada",
	"opciones": [
		 "Between leaving JPMorgan and joining Goldman Sachs, I had a three-month G___ L____.",
		 "Marry Barra, CEO of GM, is a R___ M____.",
		 "As part of the downsizing, they offered a G____ H____ to some senior managers.",
		 "Accenture has become the largest IT services company, not through mergers or acquisitions, but through O____ G____.",
		 "We have a special development program for our H____ P____ employees."
	],
	"valores_opciones": [
		["garden(ing) leave","role model","golden handshake","organic growth","high potential (hipo)"]
	],
	"respuestas": [
		 "garden(ing) leave",
		 "role model",
		 "golden handshake",
		 "organic growth",
		 "high potential (hipo)"
	]
}
