{
	"id":6,
	"texto":"Fill the gap with 'USED TO' or 'GETTING USED TO'.",
	"tematica":"Gratton",
	"nivel":"Alto",
	"tipo":"Multivalor",
	"opciones": [
		 "I am ____ the snow.",
		 "I am ____ eating spicy food.",
		 "He is ____ eating sushi.",
		 "Is he ____ drinking wine?",
		 "I was ____ working part-time.",
		 "He wasn't ____ speaking in French.",
		 "Were you ____ playing the piano",
		 "He is _____ to the weather.",
		 "She is ____ working here.",
		 "He is ____ his new home."
	],
	"valores_opciones": [
		["used to","not used to","getting used to","get used to","got used to"],
		["used to","not used to","getting used to","get used to","got used to"],
		["used to","not used to","getting used to","get used to","got used to"],
		["used to","not used to","getting used to","get used to","got used to"],
		["used to","not used to","getting used to","get used to","got used to"],
		["used to","not used to","getting used to","get used to","got used to"],
		["used to","not used to","getting used to","get used to","got used to"],
		["used to","not used to","getting used to","get used to","got used to"],
		["used to","not used to","getting used to","get used to","got used to"],
		["used to","not used to","getting used to","get used to","got used to"]
	],
	"respuestas": [
		 "used to",
		 "used to",
		 "not used to",
		 "used to",
		 "used to",
		 "used to",
		 "used to",
		 "getting used to",
		 "getting used to",
		 "getting used to"
	]
}
