{
	"id":16,
	"texto":"Fill the gap with the COMMON EXPRESSION.",
	"tematica":"Gratton",
	"nivel":"Alto",
	"tipo":"Emparejada",
	"opciones": [
		 "I lost track of the speech but I could continue thanks to the _________________________ in my pocket.",
		 "There is nothing wrong with _________________________ and doing the job even if you are a manager.",
		 "He always _________________________ from the start of the negotiations to intimidate his opponent",
		 "They have a _________________________ so they can handle new challenges very well.",
		 "He got in trouble for not being _________________________ with women, calling them little wimps.",
		 "A good leader _________________________, showing others how to act in difficult situations.",
		 "He doesn't _________________________. He rarely shows up at meetings so we never solve any issues.",
		 "The project is at a stand still because of the _________________________ imposed by the government.",
		 "She is clearly the ________________________. She is never punished even for serious mistakes."
	],
	"valores_opciones": [
		["cheat sheet",
		 "getting your hands dirty",
		 "plays hard ball",
		 "steep learning curve",
		 "politically correct",
		 "leads by example",
		 "lead from the front",
		 "read tape",
		 "teacher's pet"
		]
	],
	"respuestas": [
		 "cheat sheet",
		 "getting your hands dirty",
		 "plays hard ball",
		 "steep learning curve",
		 "politically correct",
		 "leads by example",
		 "lead from the front",
		 "read tape",
		 "teacher's pet"
	]
}
