 {
	"id":15,
	"texto":"Fill in the blanks using one of the PHRASAL VERBS.",
	"tematica":"Gratton",
	"nivel":"Alto",
	"tipo":"Emparejada",
	"opciones": [
		 "She just finished _________________ the applications for college and is sending the forms by email.",
		 "He is considering _________________ the selection process because he feels under qualified.",
		 "The president will not ________________ despite the unanimous unrest of the society.",
		 "At the beginning of the meeting, we _________________ a survey that we need you to fill in.",
		 "We need a new type of politician to _________________ president so the situation changes.",
		 "We are signing up to an immersion course to _________________ our technical skills.",
		 "We must not _________________ with our work because we will delay everyone else.",
		 "Very few people _________________ to the new training program. We must incentivise them."
	],
	"valores_opciones": [
		["to fill in","dropping out of","back down","handed out","run for","brush up","fall behind","wound up/whipped up","signed up"]
	],
	"respuestas": [
		 "to fill in",
		 "dropping out of",
		 "back down",
		 "handed out",
		 "run for",
		 "brush up",
		 "fall behind",
		 "wound up/whipped up",
		 "signed up"
	]
}
