{
	"id":12,
	"texto":"Match the numbers of the picture with the words:",
	"tematica":"Gratton",
	"nivel":"Alto",
	"tipo":"Emparejada",
	"fichero_multimedia":"Jamie_Oliver.png",
	"opciones": [
		 "1. ______",
		 "2. ______",
		 "3. ______",
		 "4. ______",
		 "5. ______",
		 "6. ______", 
		 "7. ______"
	],
	"valores_opciones": [
		["turkey","roast potatoes","gravy","Brussel sprouts","stuffing","broccoli","carrots"]
	],
	"respuestas": [
		 "turkey","roast potatoes","gravy","Brussel sprouts","stuffing","broccoli","carrots"
	],
	"desordenar_opciones":"false"
}
