{
	"id":17,
	"texto":"Match the number with the correct answer (https://www.ringteacher.com/materiales-didacticos/vocabulario-ingles/partes-del-cuerpo-en-ingles/)",
	"tematica":"Gratton",
	"nivel":"Alto",
	"tipo":"Emparejada",
	"fichero_multimedia":"Parts_of_the_leg_and_the_foot.png",
	"opciones": [
		 "1. ________",
		 "2. ________",
		 "3. ________",
		 "4. ________",
		 "5. ________",
		 "6. ________",
		 "7. ________",
		 "8. ________",
		 "9. ________"
	],
	"valores_opciones": [
		["Thigh","Knee","Shin","Foot","Toe","Sole","Heel","Ankle","Calf"],
		["Thigh","Knee","Shin","Foot","Toe","Sole","Heel","Ankle","Calf"],
		["Thigh","Knee","Shin","Foot","Toe","Sole","Heel","Ankle","Calf"],
		["Thigh","Knee","Shin","Foot","Toe","Sole","Heel","Ankle","Calf"],
		["Thigh","Knee","Shin","Foot","Toe","Sole","Heel","Ankle","Calf"],
		["Thigh","Knee","Shin","Foot","Toe","Sole","Heel","Ankle","Calf"],
		["Thigh","Knee","Shin","Foot","Toe","Sole","Heel","Ankle","Calf"],
		["Thigh","Knee","Shin","Foot","Toe","Sole","Heel","Ankle","Calf"],
		["Thigh","Knee","Shin","Foot","Toe","Sole","Heel","Ankle","Calf"]
	],
	"respuestas": [
		 "Thigh",
		 "Knee",
		 "Shin",
		 "Foot",
		 "Toe",
		 "Sole",
		 "Heel",
		 "Ankle",
		 "Calf"
	],
	"desordenar_opciones":"false"
}
