{
	"id":10,
	"texto":"Fill each gap with the correct word:",
	"tematica":"Gratton",
	"nivel":"Alto",
	"tipo":"Emparejada",
	"opciones": [
		 "It's difficult to keep track of where he is working from, since he became a ____.",
		 "In order to break through the ____ women must be assertive and confident.",
		 "The company offers a ____ with equal opportunities for all employees.",
		 "The use of ____ has made online processing of public documents possible.",
		 "_____ hasn't worked in the past so we now operate as pure meritocracy.",
		 "_____ is a game changer that has meant a leap forward in cybernetic security.",
		 "Make sure you add a layer of _____ to make sure communications are secure.",
		 "She is excellent ____ and can accomplish all sorts of tasks easily.",
		 "The new _____ system doesn't work well. It's hard to find an empty desk."
	],
	"valores_opciones": [
		["digital nomad",
		 "glass ceiling",
		 "level playing field",
		 "digital ID",
		 "Positive discrimination",
		 "Facial recognition",
		 "encryption",
		 "multi-tasking",
		 "hot-desking"
		]
	],
	"respuestas": [
		 "digital nomad",
		 "glass ceiling",
		 "level playing field",
		 "digital ID",
		 "Positive discrimination",
		 "Facial recognition",
		 "encryption",
		 "multi-tasking",
		 "hot-desking"
	]
}
