{
	"id":14,
	"texto":"Empareja cada pregunta con su respuesta:",
	"tematica":"Gratton",
	"nivel":"Alto",
	"tipo":"Emparejada",
	"fichero_multimedia":"Political Spectrum.png",
	"opciones": [
		 "A group of people who believe that wealth and power should be shared between all parts of society.",
		 "A group of people who believe that government should be separated from a country's economy and value traditional morals.",
		 "A group of people who hold opinions that are not extreme but are between two opposites.",
		 "The political party in Great Britain that believes in social equality, a more equal sharing out of wealth, and the rights of workers.",
		 "A political party that supports more personal freedom and a fairer sharing of wealth and power in society.",
		 "A British political party that traditionally supports business and opposes high taxes and government involvement in industry.",
		 "A US political party that supports or believes in government by the people or their representatives.",
		 "One of the two main political parties in the US that is more right-wing or conservative."
	],
	"valores_opciones": [
		["left wing","right wing","centre","labour","liberals","conservatives(Tories)","democrats","republicans"]
	],
	"respuestas": [
		 "left wing",
		 "right wing",
		 "centre",
		 "labour",
		 "liberals",
		 "conservatives(Tories)",
		 "democrats",
		 "republicans"
	]
}
