{
	"id":13,
	"texto":"Fill the gap with the correct word (please, consider extending the time limit to complete the exercise):",
	"tematica":"Gratton",
	"nivel":"Alto",
	"tipo":"Emparejada",
	"fichero_multimedia":"Dolly-Parton-9-To-5.mp3",
	"opciones": [
		 "1. Tumble outta bed and stumble to the _____",
		 "2. Jump in the ______ and the blood starts pumpin'",
		 "3. Out of the streets, the _____ starts jumpin'",
		 "4. Working 9 to 5, what a way to make a _____",
		 "5. 9 to 5, for service and _____",
		 "6. They just use your _____ and they never give you credit", 
		 "7. I ____ sometimes that man is out to get me"
	],
	"valores_opciones": [
		["kitchen","shower","traffic","living","devotion","mind","swear"]
	],
	"respuestas": [
		 "kitchen",
		 "shower",
		 "traffic",
		 "living",
		 "devotion",
		 "mind",
		 "swear"
	],
	"desordenar_opciones":"false"
}
